<?xml version="1.0" encoding="UTF-8"?>
<result>
	<locImages>http://e2.cdnl3.neulion.com/nhl/ced/images/</locImages>
	<locRokuImages>http://nhl.cdn.neulion.net/u/nhlgc_roku/images/</locRokuImages>
	<!--
	<locRokuImages>http://10.10.31.75:8080/mls/mlsimages/</locRokuImages>
	-->
	<locHDMatchupImages>http://e2.cdnl3.neulion.com/nhl/ced/images/roku/HD/</locHDMatchupImages>
	<locSDMatchupImages>http://e2.cdnl3.neulion.com/nhl/ced/images/roku/SD/</locSDMatchupImages>
	<locCEDBase>http://ced.neulion.com/</locCEDBase>
	<locAppBase>http://gamecenter.nhl.com/nhlgc/</locAppBase>
	
	<locDaily>http://feeds.cdnak.neulion.com/fs/nhl/mobile/feeds/data/YYYYMMDD.xml</locDaily>
	
	<locTeams>http://e2.cdnl3.neulion.com/nhl/ced/roku/teams.xml</locTeams>
	<locStandings><![CDATA[http://www.nhl.com/ice/app?service=page&page=CFStandingsJS&format=full]]></locStandings>
	<locTeamPlayers><![CDATA[.nhl.com/club/app?service=page&page=CFPlayerSearchJS&format=full]]></locTeamPlayers>
	<locPlayerDetails><![CDATA[http://www.nhl.com/video/app?service=page&page=NLPlayerXML&pg=1&ps=10&pid=]]></locPlayerDetails>
	<locPlayerMugShotHD>http://2.cdn.nhle.com/photos/mugs/</locPlayerMugShotHD>
	<locPlayerMugShotSD>http://3.cdn.nhle.com/photos/mugs/thumb/</locPlayerMugShotSD>
	<locTeamLogos>http://1.cdn.nhle.com/TEAMNAME/images/logos/small.png</locTeamLogos>
	<locPlayerAlphabet><![CDATA[http://www.nhl.com/ice/app?service=page&page=CFPlayerSearchJS&letter=]]></locPlayerAlphabet>
	<locLeagueLeaders>http://live.nhle.com/GameData/StatsLeaders.json</locLeagueLeaders>
	<locBoxScoreFeed><![CDATA[http://www.nhl.com/ice/app?service=page&page=GDBoxscoreJS&id=]]></locBoxScoreFeed>
	<locBoxScoreFeedDetails>http://live.nhl.com/GameData/</locBoxScoreFeedDetails>
	
	<locStartXML>http://e2.cdnl3.neulion.com/nhl/ced/roku/categories.xml</locStartXML>
	<locBroadcast>http://e2.cdnl3.neulion.com/nhl/ced/roku/broadcast.xml</locBroadcast>
	<!--
	<locStartXML>http://e2.cdnl3.neulion.com/nhl/ced/roku/categories.xml</locStartXML>
	-->
	<locAnalytics>http://track1.neulion.com/nhlgc_ced/track.gif</locAnalytics>
	<locGeo>http://gamecenter.nhl.com/nhlgeo/</locGeo>
	<estOffset>4</estOffset>
	<firstDayOfCurSeason>2013-09-14T00:00:00.000</firstDayOfCurSeason> 
	<lastDayOfCurSeason>2014-04-13T00:00:00.000</lastDayOfCurSeason> 
	
	<locClassicContent>http://snhlced.cdnak.neulion.net/s/nhl/svod/flv/vault/</locClassicContent>
	<locClassicThumb>http://nhl.cdn.neulion.net/u/nhl/thumbs/vault/</locClassicThumb>
	<locEDL>http://nhl.cdn.neulion.net/u/nhlgc_edl/</locEDL>
	<locStream>http://feeds.cdnak.neulion.com/fs/nhl/mobile/feeds/data/</locStream>
	<locBlackout>http://gamecenter.nhl.com/nhlgeo/</locBlackout>
	<locHtlUtil>http://ced.neulion.com/htlutil/</locHtlUtil>
</result>
