{
	"ANA": {
		"city": "Anaheim",
		"team": "Ducks",
		"full-name": "Anaheim Ducks",
		"conference": "western",
		"division": "pacific"
	},
	"ARI": {
		"city": "Arizona",
		"team": "Coyotes",
		"full-name": "Arizona Coyotes",
		"conference": "western",
		"division": "pacific"
	},
	"CGY": {
		"city": "Calgary",
		"team": "Flames",
		"full-name": "Calgary Flames",
		"conference": "western",
		"division": "pacific"
	},
	"EDM": {
		"city": "Edmonton",
		"team": "Oilers",
		"full-name": "Edmonton Oilers",
		"conference": "western",
		"division": "pacific"
	},
	"LOS": {
		"city": "Los Angeles",
		"team": "Kings",
		"full-name": "Los Angeles Kings",
		"conference": "western",
		"division": "pacific"
	},
	"SAN": {
		"city": "San Jose",
		"team": "Sharks",
		"full-name": "San Jose Sharks",
		"conference": "western",
		"division": "pacific"
	},
	"VAN": {
		"city": "Vancouver",
		"team": "Canucks",
		"full-name": "Vancouver Canucks",
		"conference": "western",
		"division": "pacific"
	},
	"CHI": {
		"city": "Chicago",
		"team": "Blackhawks",
		"full-name": "Chicago Blackhawks",
		"conference": "western",
		"division": "central"
	},
	"COL": {
		"city": "Colorado",
		"team": "Avalanche",
		"full-name": "Colorado Avalanche",
		"conference": "western",
		"division": "central"
	},
	"DAL": {
		"city": "Dallas",
		"team": "Stars",
		"full-name": "Dallas Stars",
		"conference": "western",
		"division": "central"
	},
	"MIN": {
		"city": "Minnesota",
		"team": "Wild",
		"full-name": "Minnesota Wild",
		"conference": "western",
		"division": "central"
	},
	"NSH": {
		"city": "Nashville",
		"team": "Predators",
		"full-name": "Nashville Predators",
		"conference": "western",
		"division": "central"
	},
	"STL": {
		"city": "St. Louis",
		"team": "Blues",
		"full-name": "St. Louis Blues",
		"conference": "western",
		"division": "central"
	},
	"WPG": {
		"city": "Winnipeg",
		"team": "Jets",
		"full-name": "Winnipeg Jets",
		"conference": "western",
		"division": "central"
	},
	"BOS": {
		"city": "Boston",
		"team": "Bruins",
		"full-name": "Boston Bruins",
		"conference": "eastern",
		"division": "atlantic"
	},
	"BUF": {
		"city": "Buffalo",
		"team": "Sabres",
		"full-name": "Buffalo Sabres",
		"conference": "eastern",
		"division": "atlantic"
	},
	"DET": {
		"city": "Detroit",
		"team": "Red Wings",
		"full-name": "Detroit Red Wings",
		"conference": "eastern",
		"division": "atlantic"
	},
	"FLA": {
		"city": "Florida",
		"team": "Panthers",
		"full-name": "Florida Panthers",
		"conference": "eastern",
		"division": "atlantic"
	},
	"MON": {
		"city": "Montreal",
		"team": "Canadiens",
		"full-name": "Montreal Canadiens",
		"conference": "eastern",
		"division": "atlantic"
	},
	"OTT": {
		"city": "Ottawa",
		"team": "Senators",
		"full-name": "Ottawa Senators",
		"conference": "eastern",
		"division": "atlantic"
	},
	"TAM": {
		"city": "Tampa Bay",
		"team": "Lightning",
		"full-name": "Tampa Bay Lightning",
		"conference": "eastern",
		"division": "atlantic"
	},
	"TOR": {
		"city": "Toronto",
		"team": "Maple Leafs",
		"full-name": "Toronto Maple Leafs",
		"conference": "eastern",
		"division": "atlantic"
	},
	"CAR": {
		"city": "Carolina",
		"team": "Hurricanes",
		"full-name": "Carolina Hurricanes",
		"conference": "eastern",
		"division": "metropolitan"
	},
	"CMB": {
		"city": "Columbus",
		"team": "Blue Jackets",
		"full-name": "Columbus Blue Jackets",
		"conference": "eastern",
		"division": "metropolitan"
	},
	"NJD": {
		"city": "New Jersey",
		"team": "Devils",
		"full-name": "New Jersey Devils",
		"conference": "eastern",
		"division": "metropolitan"
	},
	"NYI": {
		"city": "New York",
		"team": "Islanders",
		"full-name": "New York Islanders",
		"conference": "eastern",
		"division": "metropolitan"
	},
	"NYR": {
		"city": "New York",
		"team": "Rangers",
		"full-name": "New York Rangers",
		"conference": "eastern",
		"division": "metropolitan"
	},
	"PHI": {
		"city": "Philadelphia",
		"team": "Flyers",
		"full-name": "Philadelphia Flyers",
		"conference": "eastern",
		"division": "metropolitan"
	},
	"PIT": {
		"city": "Pittsburgh",
		"team": "Penguins",
		"full-name": "Pittsburgh Penguins",
		"conference": "eastern",
		"division": "metropolitan"
	},
	"WSH": {
		"city": "Washington",
		"team": "Capitals",
		"full-name": "Washington Capitals",
		"conference": "eastern",
		"division": "metropolitan"
	}
}
