<?xml version="1.0" encoding="UTF-8" standalone="yes"?>
<addon id="repository.timewasted" name="Timewasted's XBMC Repository" version="1.0.0" provider-name="Timewasted">
	<extension point="xbmc.addon.repository" name="Timewasted's XBMC Repository">
		<info compressed="false">https://github.com/timewasted/repository.timewasted-files/raw/master/addons.xml</info>
		<checksum>https://github.com/timewasted/repository.timewasted-files/raw/master/addons.xml.md5</checksum>
		<datadir zip="true">https://github.com/timewasted/repository.timewasted-files/raw/master/addons/</datadir>
	</extension>
	<extension point="xbmc.addon.metadata">
		<summary>Timewasted's XBMC addons</summary>
		<description>Timewasted's XBMC addons</description>
		<platform>all</platform>
	</extension>
</addon>
