<?xml version="1.0" encoding="UTF-8" standalone="yes"?>
<addon id="plugin.video.xbmc-nhl-gamecenter" name="NHL GameCenter" version="0.0.20" provider-name="Timewasted">
	<requires>
		<import addon="xbmc.python" version="2.14.0"/>
		<import addon="script.module.m3u8" version="0.2.2"/>
		<import addon="script.module.requests" version="2.3.0"/>
		<import addon="script.module.xmltodict" version="0.9.0"/>
		<import addon="service.nhl-hls-proxy" version="0.0.1"/>
	</requires>
	<extension point="xbmc.python.pluginsource" library="main.py">
		<provides>video</provides>
	</extension>
	<extension point="xbmc.addon.metadata">
		<summary lang="en">NHL GameCenter</summary>
		<description lang="en">Watch NHL GameCenter videos in the highest possible quality.[CR]Supports watching live and recent games, as well as several years of archived games. Whether you want to watch the full game, the condensed version, or just the highlights, this has you covered.</description>
		<disclaimer lang="en">This plugin requires a valid subscription to NHL GameCenter, and is subject to local blackouts imposed by the NHL.[CR]THIS PLUGIN IS COMPLETELY UNOFFICIAL AND IS NOT ENDORSED BY THE NHL OR ANYONE ASSOCIATED WITH THE NHL.</disclaimer>
		<language>en</language>
		<platform>all</platform>
		<license>BSD</license>
		<forum>http://forum.kodi.tv/showthread.php?tid=207178</forum>
		<website>https://github.com/timewasted/xbmc-nhl-gamecenter</website>
		<source>https://github.com/timewasted/xbmc-nhl-gamecenter</source>
		<email>ryan@timewasted.me</email>
	</extension>
</addon>
